{
    "accuracy": 0.7283702213279678,
    "classification_report": {
        "ACCOUNTANT": {
            "precision": 0.7,
            "recall": 0.875,
            "f1-score": 0.7777777777777778,
            "support": 24.0
        },
        "ADVOCATE": {
            "precision": 0.5862068965517241,
            "recall": 0.7083333333333334,
            "f1-score": 0.6415094339622641,
            "support": 24.0
        },
        "AGRICULTURE": {
            "precision": 1.0,
            "recall": 0.6153846153846154,
            "f1-score": 0.7619047619047619,
            "support": 13.0
        },
        "APPAREL": {
            "precision": 0.6,
            "recall": 0.3157894736842105,
            "f1-score": 0.41379310344827586,
            "support": 19.0
        },
        "ARTS": {
            "precision": 0.7333333333333333,
            "recall": 0.5238095238095238,
            "f1-score": 0.6111111111111112,
            "support": 21.0
        },
        "AUTOMOBILE": {
            "precision": 0.75,
            "recall": 0.42857142857142855,
            "f1-score": 0.5454545454545454,
            "support": 7.0
        },
        "AVIATION": {
            "precision": 0.8095238095238095,
            "recall": 0.7083333333333334,
            "f1-score": 0.7555555555555555,
            "support": 24.0
        },
        "BANKING": {
            "precision": 0.7391304347826086,
            "recall": 0.7391304347826086,
            "f1-score": 0.7391304347826086,
            "support": 23.0
        },
        "BPO": {
            "precision": 0.0,
            "recall": 0.0,
            "f1-score": 0.0,
            "support": 4.0
        },
        "BUSINESS-DEVELOPMENT": {
            "precision": 0.7,
            "recall": 0.875,
            "f1-score": 0.7777777777777778,
            "support": 24.0
        },
        "CHEF": {
            "precision": 0.8636363636363636,
            "recall": 0.7916666666666666,
            "f1-score": 0.8260869565217391,
            "support": 24.0
        },
        "CONSTRUCTION": {
            "precision": 0.76,
            "recall": 0.8636363636363636,
            "f1-score": 0.8085106382978723,
            "support": 22.0
        },
        "CONSULTANT": {
            "precision": 0.75,
            "recall": 0.391304347826087,
            "f1-score": 0.5142857142857142,
            "support": 23.0
        },
        "DESIGNER": {
            "precision": 0.9047619047619048,
            "recall": 0.9047619047619048,
            "f1-score": 0.9047619047619048,
            "support": 21.0
        },
        "DIGITAL-MEDIA": {
            "precision": 0.6875,
            "recall": 0.5789473684210527,
            "f1-score": 0.6285714285714286,
            "support": 19.0
        },
        "ENGINEERING": {
            "precision": 0.72,
            "recall": 0.75,
            "f1-score": 0.7346938775510204,
            "support": 24.0
        },
        "FINANCE": {
            "precision": 0.85,
            "recall": 0.7083333333333334,
            "f1-score": 0.7727272727272727,
            "support": 24.0
        },
        "FITNESS": {
            "precision": 0.8571428571428571,
            "recall": 0.782608695652174,
            "f1-score": 0.8181818181818182,
            "support": 23.0
        },
        "HEALTHCARE": {
            "precision": 0.5862068965517241,
            "recall": 0.7391304347826086,
            "f1-score": 0.6538461538461539,
            "support": 23.0
        },
        "HR": {
            "precision": 0.84,
            "recall": 0.9545454545454546,
            "f1-score": 0.8936170212765957,
            "support": 22.0
        },
        "INFORMATION-TECHNOLOGY": {
            "precision": 0.7741935483870968,
            "recall": 1.0,
            "f1-score": 0.8727272727272727,
            "support": 24.0
        },
        "PUBLIC-RELATIONS": {
            "precision": 0.7083333333333334,
            "recall": 0.7727272727272727,
            "f1-score": 0.7391304347826086,
            "support": 22.0
        },
        "SALES": {
            "precision": 0.5555555555555556,
            "recall": 0.6521739130434783,
            "f1-score": 0.6,
            "support": 23.0
        },
        "TEACHER": {
            "precision": 0.6296296296296297,
            "recall": 0.85,
            "f1-score": 0.723404255319149,
            "support": 20.0
        },
        "accuracy": 0.7283702213279678,
        "macro avg": {
            "precision": 0.7127147734662476,
            "recall": 0.6887161624289769,
            "f1-score": 0.6881066354427179,
            "support": 497.0
        },
        "weighted avg": {
            "precision": 0.7340014142314989,
            "recall": 0.7283702213279678,
            "f1-score": 0.7199893829426985,
            "support": 497.0
        }
    }
}