{
    "accuracy": 0.7142857142857143,
    "classification_report": {
        "ACCOUNTANT": {
            "precision": 0.7407407407407407,
            "recall": 0.8333333333333334,
            "f1-score": 0.7843137254901961,
            "support": 24.0
        },
        "ADVOCATE": {
            "precision": 0.5769230769230769,
            "recall": 0.625,
            "f1-score": 0.6,
            "support": 24.0
        },
        "AGRICULTURE": {
            "precision": 0.7777777777777778,
            "recall": 0.5384615384615384,
            "f1-score": 0.6363636363636364,
            "support": 13.0
        },
        "APPAREL": {
            "precision": 0.5,
            "recall": 0.3157894736842105,
            "f1-score": 0.3870967741935484,
            "support": 19.0
        },
        "ARTS": {
            "precision": 0.6875,
            "recall": 0.5238095238095238,
            "f1-score": 0.5945945945945946,
            "support": 21.0
        },
        "AUTOMOBILE": {
            "precision": 0.6666666666666666,
            "recall": 0.2857142857142857,
            "f1-score": 0.4,
            "support": 7.0
        },
        "AVIATION": {
            "precision": 0.8636363636363636,
            "recall": 0.7916666666666666,
            "f1-score": 0.8260869565217391,
            "support": 24.0
        },
        "BANKING": {
            "precision": 0.7391304347826086,
            "recall": 0.7391304347826086,
            "f1-score": 0.7391304347826086,
            "support": 23.0
        },
        "BPO": {
            "precision": 0.0,
            "recall": 0.0,
            "f1-score": 0.0,
            "support": 4.0
        },
        "BUSINESS-DEVELOPMENT": {
            "precision": 0.6666666666666666,
            "recall": 0.8333333333333334,
            "f1-score": 0.7407407407407407,
            "support": 24.0
        },
        "CHEF": {
            "precision": 0.8571428571428571,
            "recall": 0.75,
            "f1-score": 0.8,
            "support": 24.0
        },
        "CONSTRUCTION": {
            "precision": 0.76,
            "recall": 0.8636363636363636,
            "f1-score": 0.8085106382978723,
            "support": 22.0
        },
        "CONSULTANT": {
            "precision": 0.8333333333333334,
            "recall": 0.43478260869565216,
            "f1-score": 0.5714285714285714,
            "support": 23.0
        },
        "DESIGNER": {
            "precision": 0.9047619047619048,
            "recall": 0.9047619047619048,
            "f1-score": 0.9047619047619048,
            "support": 21.0
        },
        "DIGITAL-MEDIA": {
            "precision": 0.8,
            "recall": 0.631578947368421,
            "f1-score": 0.7058823529411765,
            "support": 19.0
        },
        "ENGINEERING": {
            "precision": 0.72,
            "recall": 0.75,
            "f1-score": 0.7346938775510204,
            "support": 24.0
        },
        "FINANCE": {
            "precision": 0.8181818181818182,
            "recall": 0.75,
            "f1-score": 0.782608695652174,
            "support": 24.0
        },
        "FITNESS": {
            "precision": 0.8095238095238095,
            "recall": 0.7391304347826086,
            "f1-score": 0.7727272727272727,
            "support": 23.0
        },
        "HEALTHCARE": {
            "precision": 0.6,
            "recall": 0.6521739130434783,
            "f1-score": 0.625,
            "support": 23.0
        },
        "HR": {
            "precision": 0.75,
            "recall": 0.9545454545454546,
            "f1-score": 0.84,
            "support": 22.0
        },
        "INFORMATION-TECHNOLOGY": {
            "precision": 0.8,
            "recall": 1.0,
            "f1-score": 0.8888888888888888,
            "support": 24.0
        },
        "PUBLIC-RELATIONS": {
            "precision": 0.5483870967741935,
            "recall": 0.7727272727272727,
            "f1-score": 0.6415094339622641,
            "support": 22.0
        },
        "SALES": {
            "precision": 0.5,
            "recall": 0.4782608695652174,
            "f1-score": 0.4888888888888889,
            "support": 23.0
        },
        "TEACHER": {
            "precision": 0.6551724137931034,
            "recall": 0.95,
            "f1-score": 0.7755102040816326,
            "support": 20.0
        },
        "accuracy": 0.7142857142857143,
        "macro avg": {
            "precision": 0.6906477066960384,
            "recall": 0.6715765149546614,
            "f1-score": 0.668697399661197,
            "support": 497.0
        },
        "weighted avg": {
            "precision": 0.7171588592100261,
            "recall": 0.7142857142857143,
            "f1-score": 0.7052866819767248,
            "support": 497.0
        }
    },
    "model_version": "v2"
}